-- ENDEREÇOS
INSERT INTO endereco (logradouro, numero, cep, uf, bairro, municipio, nacionalidade, complemento) values ('RUA DO TRILHO', 86, '61895-000', 'CE', 'AGUA VERDE', 'GUAIUBA', '', '');
INSERT INTO endereco (logradouro, numero, cep, uf, bairro, municipio, nacionalidade, complemento) values ('RUA DOS TANQUES', 55, '61865-100', 'CE', 'COMUNIDADE DE TANQUES', 'ACARAPE', '', '');
INSERT INTO endereco (logradouro, numero, cep, uf, bairro, municipio, nacionalidade, complemento) values ('RUA DO RIACHO', 13, '61899-000', 'CE', 'RIACHÃO DO NORTE', 'ACARAPE', '', '');
INSERT INTO endereco (logradouro, numero, cep, uf, bairro, municipio, nacionalidade, complemento) values ('RUA BOM PRINCIPIO', 21, '61890-000', 'CE', 'BOA VISTA', 'GUAIUBA', '', '');
INSERT INTO endereco (logradouro, numero, cep, uf, bairro, municipio, nacionalidade, complemento) values ('RUA MONICA MATOS', 102, '61890-000', 'CE', 'AGUA VERDE', 'GUAIUBA', '', '');
INSERT INTO endereco (logradouro, numero, cep, uf, bairro, municipio, nacionalidade, complemento) values ('RUA IMPERADOR', 107, '61890-000', 'CE', 'AGUA VERDE', 'GUAIUBA', '', '');

-- CONGREGAÇÕES
INSERT INTO congregacao (nome, dirigente, endereco_id, data_registro, observacoes) values ('SEDE', 'PASTOR GERONCIO SOUSA SALES', 1, now(), '');
INSERT INTO congregacao (nome, dirigente, endereco_id, data_registro, observacoes) values ('TANQUES', 'PASTOR GERONCIO SOUSA SALES', 1, now(), '');
INSERT INTO congregacao (nome, dirigente, endereco_id, data_registro, observacoes) values ('RIACHÃO', 'GERALDO DA SILVA FERREIRA', 1, now(), '');
INSERT INTO congregacao (nome, dirigente, endereco_id, data_registro, observacoes) values ('ASSENTAMENTO', 'JONAS MARTINS DE AMORIM', 1, now(), '');
INSERT INTO congregacao (nome, dirigente, endereco_id, data_registro, observacoes) values ('HOREBE', 'JOÃO NASCIMENTO PEREIRA', 1, now(), '');
INSERT INTO congregacao (nome, dirigente, endereco_id, data_registro, observacoes) values ('MORIA', 'FRANCISCO WANDERSON HENRIQUE DA SILVA', 1, now(), '');

-- DEPARTAMENTOS-SEDE
INSERT INTO departamento (nome, lider, vice_lider, regente, observacoes, congregacao_id) values ('Geração SETE', 'Samuel de Souza Taveira', 'Daniel de Souza Taveira', 'Francisco Lucas Vidal da Costa', '', 1);
INSERT INTO departamento (nome, lider, vice_lider, regente, observacoes, congregacao_id) values ('Estrela do Oriente', 'FRANCISCA VIANA DA SILVA', 'ALDENOURO MAIA DA SILVA', 'FRANCISCA VIANA DA SILVA', '', 1);
INSERT INTO departamento (nome, lider, vice_lider, regente, observacoes, congregacao_id) values ('Missões', 'ISAAC ARAÚJO DE SOUSA', '', '', '', 1);
INSERT INTO departamento (nome, lider, vice_lider, regente, observacoes, congregacao_id) values ('Rosa de Saron', 'ISABEL DE SOUSA AMORIM', 'ELIABE DE SOUZA AMORIM', 'ELIABE DE SOUZA AMORIM', '', 1);
INSERT INTO departamento (nome, lider, vice_lider, regente, observacoes, congregacao_id) values ('Crescendo com Cristo', 'OSAILA LIMA DE OLIVEIRA', '"MARIA CELMA PEREIRA DE SOUZA', '', '', 1);

-- DEPARTAMENTOS-RIACHÃO
INSERT INTO departamento (nome, lider, vice_lider, regente, observacoes, congregacao_id) values ('GENESIS', 'FRANCISCO WANDERSON HENRIQUE DA SILVA', 'FRANCISCO LUCAS VIDAL DA COSTA', 'FRANCISCO LUCAS VIDAL DA COSTA', '', 3);
INSERT INTO departamento (nome, lider, vice_lider, regente, observacoes, congregacao_id) values ('SENHORAS', 'OSAILA LIMA DE OLIVEIRA', '', 'MARIA LUCILENE MAIA DIOGENES', '', 3);

-- DEPARTAMENTOS-TANQUES
INSERT INTO departamento (nome, lider, vice_lider, regente, observacoes, congregacao_id) values ('CRIANÇAS', 'ALDENOURA MAIA DA SILVA', '', 'ALDENOURA MAIA DA SILVA', '', 2);
INSERT INTO departamento (nome, lider, vice_lider, regente, observacoes, congregacao_id) values ('SENHORAS', 'OSAILA LIMA DE OLIVEIRA', 'FRANCISCA VIANA DA SILVA', '', '', 2);

-- DEPARTAMENTOS-ASSENTAMENTO
INSERT INTO departamento (nome, lider, vice_lider, regente, observacoes, congregacao_id) values ('JOVENS', 'ISABEL DE SOUSA AMORIM', 'JONAS MARTINS DE AMORIM', 'ELIABE DE SOUZA AMORIM', '', 4);
INSERT INTO departamento (nome, lider, vice_lider, regente, observacoes, congregacao_id) values ('CRIANÇAS', 'ISABEL DE SOUSA AMORIM', '', 'MARIA LUCILENE MAIA DIOGENES', '', 4);
INSERT INTO departamento (nome, lider, vice_lider, regente, observacoes, congregacao_id) values ('SENHORAS', 'FRANCISCA VIANA DA SILVA', '', 'MARIA CELMA PEREIRA DE SOUZA', '', 4);

-- ENDERECOS MEMBROS
INSERT INTO endereco (logradouro, numero, cep, uf, bairro, municipio, nacionalidade, complemento) values ('RUA PAULO HENRIQUE CAVALCANTE', 95, '61890-000', 'CE', 'AGUA VERDE', 'GUAIUBA', 'BRASILEIRA', 'CASA');
INSERT INTO endereco (logradouro, numero, cep, uf, bairro, municipio, nacionalidade, complemento) values ('RUA BEIRA RIO', 105, '61890-000', 'CE', 'AGUA VERDE', 'GUAIUBA', 'BRASILEIRA', 'CASA');
INSERT INTO endereco (logradouro, numero, cep, uf, bairro, municipio, nacionalidade, complemento) values ('JOÃO BANDEIRA TORRES', 37, '61890-000', 'CE', 'AGUA VERDE', 'GUAIUBA', 'BRASILEIRA', 'CASA');
INSERT INTO endereco (logradouro, numero, cep, uf, bairro, municipio, nacionalidade, complemento) values ('RUA PAULO HENRIQUE CAVALCANTE', 95, '61895-000', 'CE', 'AGUA VERDE', 'GUAIUBA', 'BRASILEIRA', 'CASA');
INSERT INTO endereco (logradouro, numero, cep, uf, bairro, municipio, nacionalidade, complemento) values ('RUA BEIRA RIO', 131, '61895-000', 'CE', 'AGUA VERDE', 'GUAIUBA', 'BRASILEIRA', 'CASA');
INSERT INTO endereco (logradouro, numero, cep, uf, bairro, municipio, nacionalidade, complemento) values ('RUA JOSE BEM VINDO', 12, '61895-000', 'CE', 'AGUA VERDE', 'GUAIUBA', 'BRASILEIRA', 'CASA');
INSERT INTO endereco (logradouro, numero, cep, uf, bairro, municipio, nacionalidade, complemento) values ('RUA BEIRA RIO', 673, '61895-000', 'CE', 'AGUA VERDE', 'GUAIUBA', 'BRASILEIRA', 'CASA');
INSERT INTO endereco (logradouro, numero, cep, uf, bairro, municipio, nacionalidade, complemento) values ('RUA CAPITÃO TEIXEIRA', 201, '61895-000', 'CE', 'AGUA VERDE', 'GUAIUBA', 'BRASILEIRA', 'CASA');
INSERT INTO endereco (logradouro, numero, cep, uf, bairro, municipio, nacionalidade, complemento) values ('RUA PAULO BENTO', 114, '61895-000', 'CE', 'AGUA VERDE', 'GUAIUBA', 'BRASILEIRA', 'CASA');
INSERT INTO endereco (logradouro, numero, cep, uf, bairro, municipio, nacionalidade, complemento) values ('RUA MONOEL MOREIRA', 228, '61895-000', 'CE', 'AGUA VERDE', 'GUAIUBA', 'BRASILEIRA', 'CASA');
INSERT INTO endereco (logradouro, numero, cep, uf, bairro, municipio, nacionalidade, complemento) values ('RUA DA CAGECE', 114, '61895-000', 'CE', 'AGUA VERDE', 'GUAIUBA', 'BRASILEIRA', 'CASA');
INSERT INTO endereco (logradouro, numero, cep, uf, bairro, municipio, nacionalidade, complemento) values ('RUA BEIRA RIO', 208, '61890-000', 'CE', 'AGUA VERDE', 'GUAIUBA', 'BRASILEIRA', 'CASA');
INSERT INTO endereco (logradouro, numero, cep, uf, bairro, municipio, nacionalidade, complemento) values ('RUA BEIRA RIO', 113, '61890-000', 'CE', 'AGUA VERDE', 'GUAIUBA', 'BRASILEIRA', 'CASA');
INSERT INTO endereco (logradouro, numero, cep, uf, bairro, municipio, nacionalidade, complemento) values ('RUA PAULO HENRIQUE CAVALCANTE', 95, '61890-000', 'CE', 'AGUA VERDE', 'GUAIUBA', 'BRASILEIRA', 'CASA');
INSERT INTO endereco (logradouro, numero, cep, uf, bairro, municipio, nacionalidade, complemento) values ('RUA PEDRO RIBEIRO', 195, '61890-000', 'CE', 'AGUA VERDE', 'GUAIUBA', 'BRASILEIRA', 'CASA');
INSERT INTO endereco (logradouro, numero, cep, uf, bairro, municipio, nacionalidade, complemento) values ('RUA MONICA HONORATO', 163, '61890-000', 'CE', 'AGUA VERDE', 'GUAIUBA', 'BRASILEIRA', 'CASA');
INSERT INTO endereco (logradouro, numero, cep, uf, bairro, municipio, nacionalidade, complemento) values ('RUA BEIRA RIO', 113, '61890-000', 'CE', 'AGUA VERDE', 'GUAIUBA', 'BRASILEIRA', 'CASA');
INSERT INTO endereco (logradouro, numero, cep, uf, bairro, municipio, nacionalidade, complemento) values ('RUA BEIRA RIO', 208, '61890-000', 'CE', 'AGUA VERDE', 'GUAIUBA', 'BRASILEIRA', 'CASA');

--REMESSA
INSERT INTO remessa (descricao, status, data_abertura) values ('Primeira remessa', 'EM PROGRESSO', now());
INSERT INTO remessa (descricao, status, data_abertura) values ('Segunda remessa', 'EM PROGRESSO', now());

-- MEMBROS
INSERT INTO membro (nome, cpf, rg, estado_civil, sexo, data_nascimento, celular, telefone, email, endereco_id, naturalidade, nome_pai, nome_mae, data_batismo, data_conversao, cargo, local_batismo, congregacao, departamento, data_registro, observacoes, remessa_id) values ('SAMUEL DE SOUZA TAVEIRA','607.839.003-17', '20078888721', 'Solteiro(a)', 'Masculino', now(), '(85)98971-1010', '(85)98818-0673', 'samuelgsete@gmail.com', 7, 'Redenção', 'ANTONIO TAVEIRA', 'MARIA MADALENA DE SOUZA TAVEIRA', now(), now(), 'Músico', 'AGUA VERDE', 'SEDE', 'Geração SETE', now(), 'NADA', 2);                            
INSERT INTO membro (nome, cpf, rg, estado_civil, sexo, data_nascimento, celular, telefone, email, endereco_id, naturalidade, nome_pai, nome_mae, data_batismo, data_conversao, cargo, local_batismo, congregacao, departamento, data_registro, observacoes, remessa_id) values ('ALDENOURA MAIA DA SILVA', '003.713.703-45', '280915194', 'Casado(a)', 'Feminino', now(), '(85)98926-7719', '(85)93376-2193', 'matheusmaia@live.com', 8, 'PACATUBA', 'JOSÉ ALVES DA SILVA', 'ALDAIR MARTINS MAIA DA SILVA', now(), now(), 'REGENTE DE SENHORAS', 'ACARAPE', 'SEDE', 'Estrela do Oriente', now(), '', 1);
INSERT INTO membro (nome, cpf, rg, estado_civil, sexo, data_nascimento, celular, telefone, email, endereco_id, naturalidade, nome_pai, nome_mae, data_batismo, data_conversao, cargo, local_batismo, congregacao, departamento, data_registro, observacoes, remessa_id) values ('MARIA LUCILENE MAIA DIOGENES','96023055337', '902.429.123.20', 'Casado(a)', 'Feminino', now(), '(85)98861-1839', '(85)93376-2144', '', 9, 'FORTALEZA', 'JOSÉ OLAVIO MAIA', 'MARIA DAS GRACAS ALVES MAIA', now(), now(), 'Membro', 'AGUA VERDE', 'SEDE', 'Estrela do Oriente', now(), '', 1);   
INSERT INTO membro (nome, cpf, rg, estado_civil, sexo, data_nascimento, celular, telefone, email, endereco_id, naturalidade, nome_pai, nome_mae, data_batismo, data_conversao, cargo, local_batismo, congregacao, departamento, data_registro, observacoes, remessa_id) values ('ANTONIO TAVEIRA', '539.892.013-87', '29220584', 'Casado(a)', 'Masculino', now(), '(85)98818-0673', '(85)93376-2135', 'samuelgsete@gmail.com', 10, 'PACATUBA', 'FRANCISCO TAVEIRA FILHO', 'MARIA PINHEIRO TAVEIRA', now(), now(), 'AUXILIAR', 'ACARAPE', 'SEDE', '', now(), '', 2);
INSERT INTO membro (nome, cpf, rg, estado_civil, sexo, data_nascimento, celular, telefone, email, endereco_id, naturalidade, nome_pai, nome_mae, data_batismo, data_conversao, cargo, local_batismo, congregacao, departamento, data_registro, observacoes, remessa_id) values ('ELIABE DE SOUZA AMORIM', '074.589.413-88', '200887230032', 'Solteiro(a)', 'Masculino', now(), '(85)98611-6244', '(85)93376-2132', 'eliabebass@gmail.com', 11, 'REDENÇÃO', 'JONAS MARTINS DE AMORIM', 'IZABEL DE SOUSA AMORIM', now(), now(), 'SONOPLASTA', 'AGUA VERDE', 'SEDE', 'Rosa de Saron', now(), '', 1);
INSERT INTO membro (nome, cpf, rg, estado_civil, sexo, data_nascimento, celular, telefone, email, endereco_id, naturalidade, nome_pai, nome_mae, data_batismo, data_conversao, cargo, local_batismo, congregacao, departamento, data_registro, observacoes, remessa_id) values ('FRANCISCA VIANA DA SILVA', '456.201.723-68', '2001002118830', 'Casado(a)', 'Feminino', '28/06/1955', '(85)98814-1234', '(85)93376-2533', '', 12, 'PACATUBA', 'JOÃO VIANA DOS SANTOS', 'RAIMUNDA CHAGAS VIANA', '05/06/1994', now(), 'Regente de Senhoras', 'Acarape', 'SEDE', 'Estrela do Oriente', now(), '', 1);
INSERT INTO membro (nome, cpf, rg, estado_civil, sexo, data_nascimento, celular, telefone, email, endereco_id, naturalidade, nome_pai, nome_mae, data_batismo, data_conversao, cargo, local_batismo, congregacao, departamento, data_registro, observacoes, remessa_id) values ('FRANCISCO DE ASSIS FREITAS DA SILVA', '416.871.752-49', '90025050827', 'Casado(a)', 'Masculino', '14/07/1947', '(85)98863-6013', '(85)93463-2133', '', 13, 'REDENÇÃO', 'FRANCISCO MARTINS DA SILVA FILHO', 'RAIMUNDA DE FREITAS SILVA', '21/11/1992', now(), 'Membro', 'Acarape', 'SEDE', '', now(), '', 2);
INSERT INTO membro (nome, cpf, rg, estado_civil, sexo, data_nascimento, celular, telefone, email, endereco_id, naturalidade, nome_pai, nome_mae, data_batismo, data_conversao, cargo, local_batismo, congregacao, departamento, data_registro, observacoes, remessa_id) values ('FRANCISCO LUCAS VIDAL DA COSTA', '054.924.873-02', '200773110072', 'Solteiro(a)', 'Masculino', '30/03/1993', '(85)98924-7092', '(85)93316-2139', 'lucas.vidal@gmail.com', 14, 'MILHÂ', 'JOSÉ GILBERTO VIDAL DA COSTA', 'FRANCISCA CANDIDO DA SILVA', '24/09/2011', now(), 'MÚSICO', 'Agua Verde', 'SEDE', '', now(), '', 2);
INSERT INTO membro (nome, cpf, rg, estado_civil, sexo, data_nascimento, celular, telefone, email, endereco_id, naturalidade, nome_pai, nome_mae, data_batismo, data_conversao, cargo, local_batismo, congregacao, departamento, data_registro, observacoes, remessa_id) values ('FRANCISCO WANDERSON HENRIQUE DA SILVA', '047.281.423-02', '200776489480', 'Solteiro(a)', 'Masculino', '29/09/1990', '(85)98641-9331', '(85)93376-2133', 'wanderenrique@hotmail.com', 15, 'REDENÇÃO', 'FRANCISCO JOSÉ MAIA OLIVEIRA', 'ROSÂNGELA JOSÉ MAIA OLIVEIRA', '18/07/2009', now(), 'Auxiliar', 'Agua Verde', 'RIACHÃO', '', now(), '', 1);
INSERT INTO membro (nome, cpf, rg, estado_civil, sexo, data_nascimento, celular, telefone, email, endereco_id, naturalidade, nome_pai, nome_mae, data_batismo, data_conversao, cargo, local_batismo, congregacao, departamento, data_registro, observacoes, remessa_id) values ('GERALDO DA SILVA FERREIRA', '184.467.633-53', '1120695', 'Casado(a)', 'Masculino', '17/02/1950', '(85)98970-4433', '(85)93376-2103', '', 16, 'GUAIUBA', 'FRANCISCO VIANA FERREIRA', 'MARIA DA SILVA FERREIRA', '19/05/1996', now(), 'DIÁCONO', 'Agua Verde', 'SEDE', '', now(), '', 2);
INSERT INTO membro (nome, cpf, rg, estado_civil, sexo, data_nascimento, celular, telefone, email, endereco_id, naturalidade, nome_pai, nome_mae, data_batismo, data_conversao, cargo, local_batismo, congregacao, departamento, data_registro, observacoes, remessa_id) values ('GILIARD ALVES DE LIMA', '609.301.296-13', '20073915852', 'Casado(a)', 'Masculino', '04/02/1998', '(85)98920-7842', '(85)93376-2135', 'giliardalves@gmail.com', 17, 'REDENÇÃO', 'FRANCION ALVES DE SOUSA', 'MARIA CLEIDE LEANDRO DE LIMA', '24/09/2011', now(), 'Membro', 'Agua Verde', 'SEDE', 'Rosa de Saron', now(), '', 1);
INSERT INTO membro (nome, cpf, rg, estado_civil, sexo, data_nascimento, celular, telefone, email, endereco_id, naturalidade, nome_pai, nome_mae, data_batismo, data_conversao, cargo, local_batismo, congregacao, departamento, data_registro, observacoes, remessa_id) values ('ISAAC ARAÚJO DE SOUSA', '356.299.243-20', '81467184', 'Casado(a)', 'Masculino', '07/09/1965', '(85)98686-4360', '(85)93376-2133', 'isaacsousa45@hotmail.com', 18, 'AGUA VERDE', 'JOSÉ INÁCIO DE SOUSA', 'MARIA CIRILINO DE SOUSA', '11/01/1981', now(), 'AUXILIAR', 'ACARAPE', 'SEDE', 'Missões', now(), '', 1);
INSERT INTO membro (nome, cpf, rg, estado_civil, sexo, data_nascimento, celular, telefone, email, endereco_id, naturalidade, nome_pai, nome_mae, data_batismo, data_conversao, cargo, local_batismo, congregacao, departamento, data_registro, observacoes, remessa_id) values ('ISABEL DE SOUSA AMORIM', '390.575.003-10', '96023055434', 'Casado(a)', 'Feminino', '04/06/1972', '(85)98823-0946', '(85)93376-2131', 'izabel.amorim@gmail.com', 19, 'GUAIUBA', 'JOSÉ INÁCIO DE SOUSA', 'MARIA CIRILINO DE SOUSA', '10/06/1986', now(), 'MEMBRO', 'ACARAPE', 'SEDE', 'Estrela do Oriente', now(), '', 1);
INSERT INTO membro (nome, cpf, rg, estado_civil, sexo, data_nascimento, celular, telefone, email, endereco_id, naturalidade, nome_pai, nome_mae, data_batismo, data_conversao, cargo, local_batismo, congregacao, departamento, data_registro, observacoes, remessa_id) values ('JOÃO BATISTA PINHEIRO TAVEIRA', '903.897.273-34', '2007010281850', 'Solteiro(a)', 'Masculino', '30/10/1973', '(85)98896-2745', '(85)3376-2133', '', 20, 'GUAIUBA', 'FRANCISCO TAVEIRA FILHO', 'MARIA PINHEIRO TAVEIRA', '05/06/1994', now(), 'MÚSICO', 'ACARAPE', 'SEDE', 'Geração SETE', now(), '', 1);
INSERT INTO membro (nome, cpf, rg, estado_civil, sexo, data_nascimento, celular, telefone, email, endereco_id, naturalidade, nome_pai, nome_mae, data_batismo, data_conversao, cargo, local_batismo, congregacao, departamento, data_registro, observacoes, remessa_id) values ('JOÃO NASCIMENTO PEREIRA', '447.501.533-20', '96023074919', 'Casado(a)', 'Masculino', '25/09/1971', '(85)98671-1369', '(85)93376-2131', '', 21, 'GUAIUBA', 'JOSÉ MARIA PEREIRA', 'RAIMUNDA NASCIMENTO PEREIRA', '16/02/2006', now(), 'AUXILIAR', 'Agua Verde', 'SEDE', '', now(), '', 1);
INSERT INTO membro (nome, cpf, rg, estado_civil, sexo, data_nascimento, celular, telefone, email, endereco_id, naturalidade, nome_pai, nome_mae, data_batismo, data_conversao, cargo, local_batismo, congregacao, departamento, data_registro, observacoes, remessa_id) values ('OSAILA LIMA DE OLIVEIRA', '294.183.303-00', '92009097052960', 'Casado(a)', 'Feminino', '11/09/1970', '(85)98929-3661', '(85)93376-2133', 'osaila.jesus@hotmail.com', 22, 'PACATUBA', 'ANTONIO CARNEIRO LIMA', 'OSAIRA MOREIRA LIMA', '06/08/1995', now(), 'SECRETÁRIA', 'LONDRINA-PR', 'SEDE', '', now(), '', 1);
INSERT INTO membro (nome, cpf, rg, estado_civil, sexo, data_nascimento, celular, telefone, email, endereco_id, naturalidade, nome_pai, nome_mae, data_batismo, data_conversao, cargo, local_batismo, congregacao, departamento, data_registro, observacoes, remessa_id) values ('JONAS MARTINS DE AMORIM', '495.149.203-25', '224163092', 'Casado(a)', 'Masculino', '25/03/1964', '(85)98536-9295', '(85)93376-2013', '', 23, 'PACATUBA', 'RAIMUNDO MARTINS DE AMORIM', 'INÊS LUCIANO DE AMORIM', '25/12/1987', now(), 'PRESBÍTERO', 'Guaiúba', 'SEDE', '', now(), '', 2);
INSERT INTO membro (nome, cpf, rg, estado_civil, sexo, data_nascimento, celular, telefone, email, endereco_id, naturalidade, nome_pai, nome_mae, data_batismo, data_conversao, cargo, local_batismo, congregacao, departamento, data_registro, observacoes, remessa_id) values ('MARIA CELMA PEREIRA DE SOUZA', '434.737.683-91', '117396986', 'Casado(a)', 'Feminino', '29/03/1968', '(85)98676-4360', '', 'celmapereira15@outlook.com', 24, 'PACATUBA', 'PEDRO VENTURA DE SOUZA', 'MARIA DE LOURDES PEREIRA DE SOUZA', '11/01/1981', now(), 'MEMBRO', 'ACARAPE', 'SEDE', 'Estrela do Oriente', now(), '', 2);

